{
  "PoorEyeContact": 0.5764705882352941,
  "DelayedSpeech": 0.42352941176470593,
  "DifficultyPeerInteraction": 0.0,
  "RepetitiveMovements": 0.0,
  "Sensitivity": 0.0,
  "PrefersRoutine": 0.0
}